{
  "metrics": {
    "classical_train": {
      "f3_MAE": 0.011754857210785756,
      "f3_RMSE": 0.03782038685808285,
      "f3_R2": 0.9821609291846823,
      "f5_MAE": 0.012762505258174744,
      "f5_RMSE": 0.02862398807089576,
      "f5_R2": 0.9997766628953227,
      "joint_MAE": 0.01225868123448025,
      "joint_RMSE": 0.033538890524120124
    },
    "classical_test": {
      "f3_MAE": 0.09465882724765749,
      "f3_RMSE": 0.1585256977141285,
      "f3_R2": 0.7307977966776202,
      "f5_MAE": 0.3254792605827306,
      "f5_RMSE": 0.7402742877733585,
      "f5_R2": 0.8929753334023571,
      "joint_MAE": 0.21006904391519404,
      "joint_RMSE": 0.5353206599665775
    },
    "neural_train": {
      "f3_MAE": 0.09805927280246343,
      "f3_RMSE": 0.12882726294908073,
      "f3_R2": 0.7930164384105529,
      "f5_MAE": 0.6834471394334458,
      "f5_RMSE": 1.1707618753537665,
      "f5_R2": 0.626373440731182,
      "joint_MAE": 0.3907532061179545,
      "joint_RMSE": 0.8328504765144882
    },
    "neural_test": {
      "f3_MAE": 0.16197981674866238,
      "f3_RMSE": 0.20796349303472234,
      "f3_R2": 0.536709419547479,
      "f5_MAE": 1.1794716677433865,
      "f5_RMSE": 2.0145607768488354,
      "f5_R2": 0.20739044873189683,
      "joint_MAE": 0.6707257422460244,
      "joint_RMSE": 1.4320795959116566
    },
    "cross_validation": {
      "MAE": {
        "mean": 0.14037852451781938,
        "std": 0.055841057988258336
      },
      "RMSE": {
        "mean": 0.43016643386039277,
        "std": 0.19603003668041175
      },
      "R2_f3": {
        "mean": 0.8196584308218636,
        "std": 0.09363470587469093
      },
      "R2_f5": {
        "mean": 0.8782551226808664,
        "std": 0.12112736353354646
      }
    }
  },
  "summary": {
    "leakage_count": 0,
    "s_range": {
      "min": 0.5235987755982988,
      "max": 1.0471975511965976
    },
    "max_abs_actual": 5.64949,
    "max_abs_pred": 5.6364593505859375,
    "feature_stats": {
      "M": {
        "train_mean": 0.996268656716418,
        "test_mean": 1.0147058823529411,
        "train_std": 0.17872005934342083,
        "test_std": 0.15001485369117865
      },
      "S": {
        "train_mean": 1.0100767424788082,
        "test_mean": 1.000997659232042,
        "train_std": 0.12077632990446892,
        "test_std": 0.1362727405458414
      },
      "K": {
        "train_mean": 0.9850746268656716,
        "test_mean": 1.0147058823529411,
        "train_std": 0.16152816402230327,
        "test_std": 0.15001485369117867
      },
      "phi1": {
        "train_mean": 0.020000000000000004,
        "test_mean": 0.02,
        "train_std": 0.00346843987809648,
        "test_std": 0.0024618298195866546
      },
      "phi2": {
        "train_mean": 0.012089552238805971,
        "test_mean": 0.010588235294117647,
        "train_std": 0.005629490937825115,
        "test_std": 0.0023883257361061285
      },
      "Ec": {
        "train_mean": 0.5567164179104477,
        "test_mean": 0.5,
        "train_std": 0.3632451400342484,
        "test_std": 0.35760143718781096
      },
      "eta": {
        "train_mean": 1.3607014925373135,
        "test_mean": 1.6567941176470589,
        "train_std": 0.8903809612115373,
        "test_std": 1.006996337130703
      }
    }
  },
  "issues": []
}