{
  "feature_mean": [
    0.9906542056074766,
    1.0080499791892499,
    1.0046728971962617,
    0.020000000000000014,
    0.012242990654205615,
    0.5626168224299065,
    203.21495327102804,
    1.3208971962616824
  ],
  "feature_std": [
    0.18061821644941753,
    0.12807376133214063,
    0.14493517279692367,
    0.0036172067253016126,
    0.005849909945618249,
    0.3641719331675445,
    18.155624270474657,
    0.8709967205593587
  ],
  "metrics": {
    "f3_MAE": 0.16197980360057898,
    "f3_RMSE": 0.20796352021998665,
    "f3_R2": 0.5367092984235498,
    "f5_MAE": 1.1794716423237586,
    "f5_RMSE": 2.014560720736363,
    "f5_R2": 0.2073904928857212,
    "joint_MAE": 0.6707257229621688,
    "joint_RMSE": 1.4320795584177755
  }
}